,NAME,PUBLIC STREAM,GENRES
,,,
1,EXCLUSIVELY CHART,https://streaming.exclusive.radio/er/chart/icecast.audio,
2,Exclusively 10cc,https://streaming.exclusive.radio/er/10cc/icecast.audio,classic rock|rock|70s
3,Exclusively 50 Cent,https://streaming.exclusive.radio/er/50cent/icecast.audio,rap|hip-hop|gangsta rap
4,Exclusively ABBA,https://streaming.exclusive.radio/er/abba/icecast.audio,pop|disco|70s
5,Exclusively AC/DC,https://streaming.exclusive.radio/er/acdc/icecast.audio,hard rock|classic rock|rock
6,Exclusively Adam Lambert,https://streaming.exclusive.radio/er/adamlambert/icecast.audio,pop|rock|glam
7,Exclusively Adele,https://streaming.exclusive.radio/er/adele/icecast.audio,soul|female vocalists|british
8,Exclusively Aerosmith,https://streaming.exclusive.radio/er/aerosmith/icecast.audio,hard rock|classic rock|rock
9,Exclusively Afrobeats,https://streaming.exclusive.radio/er/afrobeats/icecast.audio,
10,Exclusively A-Ha,https://streaming.exclusive.radio/er/aha/icecast.audio,new wave|pop|80s
11,Exclusively Al Green,https://streaming.exclusive.radio/er/algreen/icecast.audio,soul|funk|rhythm and blues
12,Exclusively Alabama,https://streaming.exclusive.radio/er/alabama/icecast.audio,country|southern rock|alabama
13,Exclusively Alanis Morissette,https://streaming.exclusive.radio/er/alanismorissette/icecast.audio,female vocalists|rock|alternative
14,Exclusively Alice Cooper,https://streaming.exclusive.radio/er/alicecooper/icecast.audio,hard rock|classic rock|glam rock
15,Exclusively Alison Moyet,https://streaming.exclusive.radio/er/alisonmoyet/icecast.audio,pop|female vocalists|80s
16,Exclusively America,https://streaming.exclusive.radio/er/america/icecast.audio,classic rock|rock|70s
17,Exclusively Amy Winehouse,https://streaming.exclusive.radio/er/amywinehouse/icecast.audio,soul|jazz|female vocalists
18,Exclusively Andrea Bocelli,https://streaming.exclusive.radio/er/andreabocelli/icecast.audio,classical|opera|italian
19,Exclusively Andy Williams,https://streaming.exclusive.radio/er/andywilliams/icecast.audio,oldies|60s|pop
20,Exclusively Annie Lennox,https://streaming.exclusive.radio/er/annielennox/icecast.audio,pop|female vocalists|80s
21,Exclusively Aretha Franklin,https://streaming.exclusive.radio/er/arethafranklin/icecast.audio,soul|jazz|female vocalists
22,Exclusively Ariana Grande,https://streaming.exclusive.radio/er/arianagrande/icecast.audio,pop|rnb|female vocalists
23,Exclusively Avicii,https://streaming.exclusive.radio/er/avicii/icecast.audio,house|electronic|dance
24,Exclusively Backstreet Boys,https://streaming.exclusive.radio/er/backstreetboys/icecast.audio,pop|boybands|90s
25,Exclusively Bad Bunny,https://streaming.exclusive.radio/er/badbunny/icecast.audio,reggaeton|trap|latin
26,Exclusively Barbra Streisand,https://streaming.exclusive.radio/er/streisand/icecast.audio,female vocalists|pop|80s
27,Exclusively Barry Manilow,https://streaming.exclusive.radio/er/barrymanilow/icecast.audio,pop|easy listening|80s
28,Exclusively Barry White,https://streaming.exclusive.radio/er/barrywhite/icecast.audio,soul|funk|disco
29,Exclusively BB King,https://streaming.exclusive.radio/er/bbking/icecast.audio,blues|blues rock|jazz
30,Exclusively Beach Boys,https://streaming.exclusive.radio/er/beachboys/icecast.audio,classic rock|60s|pop
31,Exclusively Beastie Boys,https://streaming.exclusive.radio/er/beastieboys/icecast.audio,hip-hop|rap|alternative
32,Exclusively Belinda Carlisle,https://streaming.exclusive.radio/er/belindacarlisle/icecast.audio,pop|80s|female vocalists
33,Exclusively Beyonce,https://streaming.exclusive.radio/er/beyonce/icecast.audio,rnb|pop|female vocalists
34,Exclusively Bieber,https://streaming.exclusive.radio/er/justinbieber/icecast.audio,
35,Exclusively Bill Withers,https://streaming.exclusive.radio/er/billwithers/icecast.audio,soul|funk|70s
36,Exclusively Billie Eilish,https://streaming.exclusive.radio/er/billyeilish/icecast.audio,pop|indie pop|electropop
37,Exclusively Billy Idol,https://streaming.exclusive.radio/er/billyidol/icecast.audio,rock|new wave|80s
38,Exclusively Billy Joel,https://streaming.exclusive.radio/er/billyjoel/icecast.audio,classic rock|singer-songwriter|rock
39,Exclusively Bing Crosby,https://streaming.exclusive.radio/er/bingcrosby/icecast.audio,jazz|swing|oldies
40,Exclusively Black Sabbath,https://streaming.exclusive.radio/er/blacksabbath/icecast.audio,heavy metal|hard rock|classic rock
41,Exclusively Blondie,https://streaming.exclusive.radio/er/blondie/icecast.audio,new wave|80s|rock
42,Exclusively Blur,https://streaming.exclusive.radio/er/blur/icecast.audio,britpop|rock|indie
43,Exclusively Bo Diddley,https://streaming.exclusive.radio/er/bodiddley/icecast.audio,blues|rhythm and blues|rock and roll
44,Exclusively Bob Dylan,https://streaming.exclusive.radio/er/bobdylan/icecast.audio,folk|singer-songwriter|classic rock
45,Exclusively Bob Marley,https://streaming.exclusive.radio/er/bobmarley/icecast.audio,reggae|roots reggae|ska
46,Exclusively Bob Seger,https://streaming.exclusive.radio/er/bobseger/icecast.audio,classic rock|rock|singer-songwriter
47,Exclusively Bollywood,https://streaming.exclusive.radio/er/bollywood/icecast.audio,soundtrack|bollywood|hindi
48,Exclusively Bon Jovi,https://streaming.exclusive.radio/er/bonjovi/icecast.audio,rock|hard rock|classic rock
49,Exclusively Booker T & The MG's,https://streaming.exclusive.radio/er/bookert/icecast.audio,soul|funk|rhythm and blues
50,Exclusively Boston,https://streaming.exclusive.radio/er/boston/icecast.audio,classic rock|rock|hard rock
51,Exclusively Brantley Gilbert,https://streaming.exclusive.radio/er/brantleygilbert/icecast.audio,country|country rock|male vocalists
52,Exclusively Bread,https://streaming.exclusive.radio/er/bread/icecast.audio,soft rock|70s|classic rock
53,Exclusively Britney,https://streaming.exclusive.radio/er/britney/icecast.audio,pop|dance|female vocalists
54,Exclusively Bruce Springsteen,https://streaming.exclusive.radio/er/springsteen/icecast.audio,rock|classic rock|singer-songwriter
55,Exclusively Bruno Mars,https://streaming.exclusive.radio/er/brunomars/icecast.audio,pop|rnb|male vocalists
56,Exclusively Bryan Adams,https://streaming.exclusive.radio/er/bryanadams/icecast.audio,rock|classic rock|80s
57,Exclusively Bryan Ferry,https://streaming.exclusive.radio/er/bryanferry/icecast.audio,glam rock|new wave|80s
58,Exclusively Buddy Guy,https://streaming.exclusive.radio/er/buddyguy/icecast.audio,blues|chicago blues|guitar
59,Exclusively Buddy Holly,https://streaming.exclusive.radio/er/buddyholly/icecast.audio,rockabilly|rock and roll|50s
60,Exclusively Calvin Harris,https://streaming.exclusive.radio/er/calvinharris/icecast.audio,electronic|dance|electro
61,Exclusvely Camila Cabello,https://streaming.exclusive.radio/er/camilacabello/icecast.audio,pop|female vocalists|dance
62,Exclusively Cardi B,https://streaming.exclusive.radio/er/cardib/icecast.audio,hip-hop|rap|trap
63,Exclusively Carly Simon,https://streaming.exclusive.radio/er/carlysimon/icecast.audio,female vocalists|pop|singer-songwriter
64,Exclusively Carole King,https://streaming.exclusive.radio/er/caroleking/icecast.audio,singer-songwriter|female vocalists|folk
65,Exclusively Carpenters,https://streaming.exclusive.radio/er/carpenters/icecast.audio,pop|70s|female vocalists
66,Exclusively Cat Stevens,https://streaming.exclusive.radio/er/catstevens/icecast.audio,folk|singer-songwriter|classic rock
67,Exclusively Celine Dion,https://streaming.exclusive.radio/er/celinedion/icecast.audio,pop|female vocalists|canadian
68,Exclusively Charley Pride,https://streaming.exclusive.radio/er/charleypride/icecast.audio,country|classic country|charley pride
69,Exclusively Charlie Parker,https://streaming.exclusive.radio/er/charlieparker/icecast.audio,jazz|bebop|saxophone
70,Exclusively Cher,https://streaming.exclusive.radio/er/cher/icecast.audio,pop|female vocalists|80s
71,Exclusively Chic,https://streaming.exclusive.radio/er/chic/icecast.audio,disco|funk|soul
72,Exclusively Chicago,https://streaming.exclusive.radio/er/chicago/icecast.audio,classic rock|rock|70s
73,Exclusively Chris Rea,https://streaming.exclusive.radio/er/chrisrea/icecast.audio,blues|rock|classic rock
74,Exclusively Christmas Carols,https://streaming.exclusive.radio/er/christmascarols/icecast.audio,christmas|holiday|love at first listen
75,Exclusively Christmas Pop,https://streaming.exclusive.radio/er/christmaspop/icecast.audio,
76,Exclusively Chuck Berry,https://streaming.exclusive.radio/er/chuckberry/icecast.audio,rock and roll|classic rock|blues
77,Exclusively Cliff Richard,https://streaming.exclusive.radio/er/cliffrichard/icecast.audio,pop|oldies|60s
78,Exclusively Coldplay,https://streaming.exclusive.radio/er/coldplay/icecast.audio,rock|alternative|britpop
79,Exclusively Creedence Clearwater Revival.,https://streaming.exclusive.radio/er/creedence/icecast.audio,classic rock|rock|southern rock
80,Exclusively Crosby Stills Nash & Young,https://streaming.exclusive.radio/er/csny/icecast.audio,classic rock|folk rock|folk
81,Exclusively Crowded House,https://streaming.exclusive.radio/er/crowdedhouse/icecast.audio,rock|pop|80s
82,Exclusively Curtis Mayfield,https://streaming.exclusive.radio/er/curtismayfield/icecast.audio,soul|funk|70s
83,Exclusively Daft Punk,https://streaming.exclusive.radio/er/daftpunk/icecast.audio,electronic|house|dance
84,Exclusively Dave Brubeck,https://streaming.exclusive.radio/er/davebrubeck/icecast.audio,jazz|piano|cool jazz
85,Exclusively David Bowie,https://streaming.exclusive.radio/er/davidbowie/icecast.audio,glam rock|rock|classic rock
86,Exclusively Dean Martin,https://streaming.exclusive.radio/er/deanmartin/icecast.audio,jazz|swing|oldies
87,Exclusively Deep Purple,https://streaming.exclusive.radio/er/deeppurple/icecast.audio,hard rock|classic rock|rock
88,Exclusively Def Leppard,https://streaming.exclusive.radio/er/defleppard/icecast.audio,hard rock|classic rock|rock
89,Exclusively Depeche Mode,https://streaming.exclusive.radio/er/depechemode/icecast.audio,electronic|new wave|synthpop
90,Exclusively Diana Krall,https://streaming.exclusive.radio/er/dianakrall/icecast.audio,jazz|female vocalists|vocal jazz
91,Exclusively Diana Ross,https://streaming.exclusive.radio/er/dianaross/icecast.audio,soul|disco|pop
92,Exclusively Dionne Warwick,https://streaming.exclusive.radio/er/dionnewarwick/icecast.audio,soul|female vocalists|pop
93,Exclusively Dire Straits,https://streaming.exclusive.radio/er/direstraits/icecast.audio,classic rock|rock|80s
94,Exclusively Disco,https://streaming.exclusive.radio/er/disco/icecast.audio,finnish|pop|electropop
95,Exclusively Dolly Parton,https://streaming.exclusive.radio/er/dollyparton/icecast.audio,country|female vocalists|singer-songwriter
96,Exclusively Donna Summer,https://streaming.exclusive.radio/er/donnasummer/icecast.audio,disco|pop|70s
97,Exclusively Doobie Brothers,https://streaming.exclusive.radio/er/doobiebrothers/icecast.audio,classic rock|rock|70s
98,Exclusively Dr Dre,https://streaming.exclusive.radio/er/drdre/icecast.audio,hip-hop|rap|gangsta rap
99,Exclusively Dr Hook,https://streaming.exclusive.radio/er/drhook/icecast.audio,classic rock|70s|soft rock
100,Exclusively Drake,https://streaming.exclusive.radio/er/drake/icecast.audio,hip-hop|rap|rnb
101,Exclusively Dua Lipa,https://streaming.exclusive.radio/er/dualipa/icecast.audio,pop|synthpop|electropop
102,Exclusively Duke Ellington,https://streaming.exclusive.radio/er/dukeellington/icecast.audio,jazz|swing|big band
103,Exclusively Duran Duran,https://streaming.exclusive.radio/er/duranduran/icecast.audio,new wave|80s|pop
104,Exclusively Eagles,https://streaming.exclusive.radio/er/eagles/icecast.audio,classic rock|rock|70s
105,Exclusively Ed Sheeran,https://streaming.exclusive.radio/er/edsheeran/icecast.audio,acoustic|british|singer-songwriter
106,Exclusively Electric Light Orchestra,https://streaming.exclusive.radio/er/elo/icecast.audio,classic rock|progressive rock|rock
107,Exclusively Ella Fitzgerald,https://streaming.exclusive.radio/er/ellafitzgerald/icecast.audio,jazz|female vocalists|blues
108,Exclusively Elton John,https://streaming.exclusive.radio/er/eltonjohn/icecast.audio,pop|classic rock|singer-songwriter
109,Exclusively Elvis Presley,https://streaming.exclusive.radio/er/elvispresley/icecast.audio,rock n roll|classic rock|rock
110,Exclusively Eminem,https://streaming.exclusive.radio/er/eminem/icecast.audio,rap|hip-hop|hip hop
111,Exclusively Engelbert Humperdinck,https://streaming.exclusive.radio/er/engelberthumperdinck/icecast.audio,oldies|60s|pop
112,Exclusively Enrique Iglesias,https://streaming.exclusive.radio/er/enriqueiglesias/icecast.audio,pop|latin|spanish
113,Exclusively Erasure,https://streaming.exclusive.radio/er/erasure/icecast.audio,synthpop|80s|new wave
114,Exclusively Eric Clapton,https://streaming.exclusive.radio/er/ericclapton/icecast.audio,blues|classic rock|blues rock
115,Exclusively Etta James,https://streaming.exclusive.radio/er/ettajames/icecast.audio,blues|soul|jazz
116,Exclusively Eurythmics,https://streaming.exclusive.radio/er/eurythmics/icecast.audio,new wave|80s|pop
117,Exclusively Eva Cassidy,https://streaming.exclusive.radio/er/evacassidy/icecast.audio,jazz|female vocalists|blues
118,Exclusively Fats Domino,https://streaming.exclusive.radio/er/fatsdomino/icecast.audio,blues|rhythm and blues|rock n roll
119,Exclusively Fleetwood Mac,https://streaming.exclusive.radio/er/fleetwoodmac/icecast.audio,classic rock|rock|70s
120,Exclusively Florida Georgia Line,https://streaming.exclusive.radio/er/floridageorgialine/icecast.audio,country|country rock|male vocalists
121,Exclusively Foo Fighters,https://streaming.exclusive.radio/er/foofighters/icecast.audio,rock|alternative rock|grunge
122,Exclusively Foreigner,https://streaming.exclusive.radio/er/foreigner/icecast.audio,classic rock|rock|hard rock
123,Exclusively Four Tops,https://streaming.exclusive.radio/er/fourtops/icecast.audio,soul|motown|60s
124,Exclusively Frank Sinatra,https://streaming.exclusive.radio/er/franksinatra/icecast.audio,jazz|swing|oldies
125,Exclusively Garth Brooks,https://streaming.exclusive.radio/er/garthbrooks/icecast.audio,country|garth brooks|90s
126,Exclusively Genesis,https://streaming.exclusive.radio/er/genesis/icecast.audio,progressive rock|classic rock|rock
127,Exclusively George Benson,https://streaming.exclusive.radio/er/georgebenson/icecast.audio,jazz|smooth jazz|soul
128,Exclusively George Ezra,https://streaming.exclusive.radio/er/georgeezra/icecast.audio,indie|folk|singer-songwriter
129,Exclusively George Harrison,https://streaming.exclusive.radio/er/georgeharrison/icecast.audio,classic rock|rock|singer-songwriter
130,Exclusively George Jones,https://streaming.exclusive.radio/er/georgejones/icecast.audio,country|classic country|singer-songwriter
131,Exclusively George Michael,https://streaming.exclusive.radio/er/georgemichael/icecast.audio,pop|80s|british
132,Exclusively George Strait,https://streaming.exclusive.radio/er/georgestrait/icecast.audio,country|george strait|classic country
133,Exclusively Glen Campbell,https://streaming.exclusive.radio/er/glencampbell/icecast.audio,country|singer-songwriter|folk
134,Exclusively Glenn Miller,https://streaming.exclusive.radio/er/glennmiller/icecast.audio,jazz|swing|big band
135,Exclusively Gloria Estefan,https://streaming.exclusive.radio/er/gloriaestefan/icecast.audio,latin|pop|female vocalists
136,Exclusively Grateful Dead,https://streaming.exclusive.radio/er/gratefuldead/icecast.audio,psychedelic rock|classic rock|psychedelic
137,Exclusively Green Day,https://streaming.exclusive.radio/er/greenday/icecast.audio,punk rock|rock|punk
138,Exclusively Gregory Porter,https://streaming.exclusive.radio/er/gregoryporter/icecast.audio,jazz|soul|vocal jazz
139,Exclusively Guns N Roses,https://streaming.exclusive.radio/er/gunsnroses/icecast.audio,hard rock|rock|classic rock
140,Exclusively Hank Williams,https://streaming.exclusive.radio/er/hankwilliams/icecast.audio,country|classic country|folk
141,Exclusively Harry Styles,https://streaming.exclusive.radio/er/harrystyles/icecast.audio,pop|rock|pop rock
142,Exclusively Herbie Hancock,https://streaming.exclusive.radio/er/herbiehancock/icecast.audio,jazz|funk|fusion
143,Exclusively Hollywood & Broadway Musicals,https://streaming.exclusive.radio/er/hollywoodandbroadway/icecast.audio,
144,Exclusively Howlin Wolf,https://streaming.exclusive.radio/er/howlinwolf/icecast.audio,blues|chicago blues|delta blues
145,Exclusively Huey Lewis & The News,https://streaming.exclusive.radio/er/hueylewis/icecast.audio,80s|rock|classic rock
146,Exclusively Imagine Dragons,https://streaming.exclusive.radio/er/imaginedragons/icecast.audio,indie|indie rock|alternative
147,Exclusively INXS,https://streaming.exclusive.radio/er/INXS/icecast.audio,rock|new wave|80s
148,Exclusively Iron Maiden,https://streaming.exclusive.radio/er/ironmaiden/icecast.audio,heavy metal|metal|nwobhm
149,Exclusively Italy,https://streaming.exclusive.radio/er/italy/icecast.audio,
150,Exclusively J POP,https://streaming.exclusive.radio/er/jpop/icecast.audio,
151,Exclusively Jack Johnson,https://streaming.exclusive.radio/er/jackjohnson/icecast.audio,acoustic|singer-songwriter|chill
152,Exclusively Jackson Browne,https://streaming.exclusive.radio/er/jacksonbrowne/icecast.audio,singer-songwriter|classic rock|folk
153,Exclusively Jacques Loussier,https://streaming.exclusive.radio/er/jaquesloussier/icecast.audio,jazz|classical|piano
154,Exclusively James Blunt,https://streaming.exclusive.radio/er/jamesblunt/icecast.audio,pop|singer-songwriter|acoustic
155,Exclusively James Brown,https://streaming.exclusive.radio/er/jamesbrown/icecast.audio,funk|soul|rhythm and blues
156,Exclusively James Taylor,https://streaming.exclusive.radio/er/jamestaylor/icecast.audio,folk|singer-songwriter|acoustic
157,Exclusively Jamie Cullum,https://streaming.exclusive.radio/er/jamiecullum/icecast.audio,jazz|piano|british
158,Exclusively Janet Jackson,https://streaming.exclusive.radio/er/janetjackson/icecast.audio,pop|rnb|female vocalists
159,Exclusively Jay-Z,https://streaming.exclusive.radio/er/jay-z/icecast.audio,hip-hop|rap|hip hop
160,Exclusively Jefferson Airplane,https://streaming.exclusive.radio/er/jeffersonairplane/icecast.audio,psychedelic rock|classic rock|60s
161,Exclusively Jennifer Lopez,https://streaming.exclusive.radio/er/jenniferlopez/icecast.audio,pop|rnb|latin
162,Exclusively Jerry Lee Lewis,https://streaming.exclusive.radio/er/jerryleelewis/icecast.audio,rockabilly|rock and roll|rock n roll
163,Exclusively Jethro Tull,https://streaming.exclusive.radio/er/jethrotull/icecast.audio,progressive rock|classic rock|folk rock
164,Exclusively Jim Reeves,https://streaming.exclusive.radio/er/jimreeves/icecast.audio,country|classic country|jim reeves
165,Exclusively Jimi Hendrix,https://streaming.exclusive.radio/er/hendrix/icecast.audio,classic rock|rock|blues
166,Exclusively JJ Cale,https://streaming.exclusive.radio/er/jjcale/icecast.audio,blues|blues rock|singer-songwriter
167,Exclusively Joan Baez,https://streaming.exclusive.radio/er/joanbaez/icecast.audio,folk|singer-songwriter|female vocalists
168,Exclusively Joan Jett,https://streaming.exclusive.radio/er/joanjett/icecast.audio,rock|female vocalists|classic rock
169,Exclusively Joe Bonamassa,https://streaming.exclusive.radio/er/joebonamassa/icecast.audio,blues rock|blues|guitar
170,Exclusively Joe Satriani,https://streaming.exclusive.radio/er/joesatriani/icecast.audio,guitar virtuoso|instrumental rock|instrumental
171,Exclusively John Coltrane,https://streaming.exclusive.radio/er/johncoltrane/icecast.audio,jazz|free jazz|saxophone
172,Exclusively John Denver,https://streaming.exclusive.radio/er/johndenver/icecast.audio,country|folk|singer-songwriter
173,Exclusively John Lee Hooker,https://streaming.exclusive.radio/er/johnleehooker/icecast.audio,blues|delta blues|classic blues
174,Exclusively John Lennon,https://streaming.exclusive.radio/er/lennon/icecast.audio,classic rock|rock|singer-songwriter
175,Exclusively John Mayall,https://streaming.exclusive.radio/er/johnmayall/icecast.audio,blues|blues rock|british blues
176,Exclusively Johnny Cash,https://streaming.exclusive.radio/er/johnnycash/icecast.audio,country|folk|singer-songwriter
177,Exclusively Johnny Mathis,https://streaming.exclusive.radio/er/johnnymathis/icecast.audio,oldies|60s|pop
178,Exclusively Johnny Nash,https://streaming.exclusive.radio/er/johnnynash/icecast.audio,reggae|soul|pop
179,Exclusively Jonas Brothers,https://streaming.exclusive.radio/er/jonasbrothers/icecast.audio,pop|pop rock|disney
180,Exclusively Joni Mitchell,https://streaming.exclusive.radio/er/jonimitchell/icecast.audio,folk|singer-songwriter|female vocalists
181,Exclusively Josh Groban,https://streaming.exclusive.radio/er/joshgroban/icecast.audio,classical|pop|opera
182,Exclusively Journey,https://streaming.exclusive.radio/er/journey/icecast.audio,classic rock|rock|hard rock
183,Exclusively Justin Timberlake,https://streaming.exclusive.radio/er/justintimberlake/icecast.audio,pop|rnb|dance
184,Exclusively K Pop,https://streaming.exclusive.radio/er/kpop/icecast.audio,
185,Exclusively Kanye West,https://streaming.exclusive.radio/er/kanyewest/icecast.audio,hip-hop|rap|hip hop
186,Exclusively Kate Bush,https://streaming.exclusive.radio/er/katebush/icecast.audio,female vocalists|singer-songwriter|pop
187,Exclusively Katy Perry,https://streaming.exclusive.radio/er/katyperry/icecast.audio,pop|female vocalists|pop rock
188,Exclusively Keane,https://streaming.exclusive.radio/er/keane/icecast.audio,britpop|indie|british
189,Exclusively Keith Urban,https://streaming.exclusive.radio/er/keithurban/icecast.audio,country|singer-songwriter|keith urban
190,Exclusively Kelly Clarkson,https://streaming.exclusive.radio/er/kellyclarkson/icecast.audio,pop|female vocalists|pop rock
191,Exclusively Kendrick Lamar,https://streaming.exclusive.radio/er/kendricklamar/icecast.audio,hip-hop|rap|west coast
192,Exclusively Kenny Chesney,https://streaming.exclusive.radio/er/kennychesney/icecast.audio,country|kenny chesney|modern country
193,Exclusively Kenny G,https://streaming.exclusive.radio/er/kennyg/icecast.audio,jazz|smooth jazz|saxophone
194,Exclusively Kenny Rogers,https://streaming.exclusive.radio/er/kennyrogers/icecast.audio,country|classic country|kenny rogers
195,Exclusively KISS,https://streaming.exclusive.radio/er/kiss/icecast.audio,hard rock|glam rock|70's
196,Exclusively Kylie Minogue,https://streaming.exclusive.radio/er/kylie/icecast.audio,pop|dance|female vocalists
197,Exclusively Lady A,https://streaming.exclusive.radio/er/ladyantebellum/icecast.audio,country|modern country|country pop
198,Exclusively Lady Gaga,https://streaming.exclusive.radio/er/ladygaga/icecast.audio,pop|dance|electronic
199,Exclusively Led Zeppelin,https://streaming.exclusive.radio/er/ledzeppelin/icecast.audio,classic rock|hard rock|rock
200,Exclusively Leonard Cohen,https://streaming.exclusive.radio/er/leonardcohen/icecast.audio,folk|singer-songwriter|blues
201,Exclusively Lewis Capaldi,https://streaming.exclusive.radio/er/lewiscapaldi/icecast.audio,pop|scottish|pop rock
202,Exclusively Lionel Richie (incl Commodores),https://streaming.exclusive.radio/er/lionelrichie/icecast.audio,
203,Exclusively Little Feat,https://streaming.exclusive.radio/er/littlefeat/icecast.audio,southern rock|blues rock|classic rock
204,Exclusively Little Mix,https://streaming.exclusive.radio/er/littlemix/icecast.audio,pop|british|female vocalists
205,Exclusively Little Richard,https://streaming.exclusive.radio/er/littlerichard/icecast.audio,rock and roll|rock n roll|rockabilly
206,Exclusively Lorde,https://streaming.exclusive.radio/er/lorde/icecast.audio,pop|indie pop|electronic
207,Exclusively Loretta Lynn,https://streaming.exclusive.radio/er/lorettalynn/icecast.audio,country|female vocalists|classic country
208,Exclusively Louis Armstrong,https://streaming.exclusive.radio/er/louisarmstrong/icecast.audio,jazz|blues|swing
209,Exclusively Luke Bryan,https://streaming.exclusive.radio/er/lukebryan/icecast.audio,country|new country|modern country
210,Exclusively Madonna,https://streaming.exclusive.radio/er/madonna/icecast.audio,pop|dance|female vocalists
211,Exclusively Mariah Carey,https://streaming.exclusive.radio/er/mariahcarey/icecast.audio,pop|rnb|female vocalists
212,Exclusively Maroon 5,https://streaming.exclusive.radio/er/maroon5/icecast.audio,pop rock|rock|pop
213,Exclusively Marvin Gaye,https://streaming.exclusive.radio/er/marvingaye/icecast.audio,soul|funk|motown
214,Exclusively Mary J. Blige,https://streaming.exclusive.radio/er/maryjblige/icecast.audio,rnb|soul|female vocalists
215,Exclusively Matt Monro,https://streaming.exclusive.radio/er/mattmonro/icecast.audio,oldies|swing|60s
216,Exclusively Meat Loaf,https://streaming.exclusive.radio/er/meatloaf/icecast.audio,rock|classic rock|hard rock
217,Exclusively Merle Haggard,https://streaming.exclusive.radio/er/merlehaggard/icecast.audio,country|classic country|outlaw country
218,Exclusively Metallica,https://streaming.exclusive.radio/er/metallica/icecast.audio,thrash metal|heavy metal|metal
220,Exclusively Michael Buble,https://streaming.exclusive.radio/er/michaelbuble/icecast.audio,jazz|swing|pop
221,Exclusively Michael Jackson,https://streaming.exclusive.radio/er/michaeljackson/icecast.audio,pop|80s|dance
222,Exclusively Mike And The Mechanics,https://streaming.exclusive.radio/er/mikeandthemechanics/icecast.audio,80s|rock|pop
223,Exclusively Miles Davis,https://streaming.exclusive.radio/er/milesdavis/icecast.audio,jazz|trumpet|bebop
224,Exclusively Miley Cyrus,https://streaming.exclusive.radio/er/mileycyrus/icecast.audio,pop|female vocalists|dance
225,Exclusively Moby,https://streaming.exclusive.radio/er/moby/icecast.audio,electronic|ambient|chillout
226,Exclusively Muddy Waters,https://streaming.exclusive.radio/er/muddywaters/icecast.audio,blues|chicago blues|classic blues
227,Exclusively Nat King Cole,https://streaming.exclusive.radio/er/natkingcole/icecast.audio,jazz|swing|blues
228,Exclusively Neil Diamond,https://streaming.exclusive.radio/er/neildiamond/icecast.audio,singer-songwriter|classic rock|soft rock
229,Exclusively Neil Young,https://streaming.exclusive.radio/er/neilyoung/icecast.audio,classic rock|singer-songwriter|folk
230,Exclusively New Order,https://streaming.exclusive.radio/er/neworder/icecast.audio,new wave|post-punk|electronic
231,Exclusively Niall Horan,https://streaming.exclusive.radio/er/niallhoran/icecast.audio,pop|folk|irish
232,Exclusively Nickelback,https://streaming.exclusive.radio/er/nickelback/icecast.audio,rock|alternative rock|hard rock
233,Exclusively Nicki Minaj,https://streaming.exclusive.radio/er/nickiminaj/icecast.audio,hip-hop|rap|rnb
234,Exclusively Nina Simone,https://streaming.exclusive.radio/er/ninasimone/icecast.audio,jazz|soul|blues
235,Exclusively Nirvana,https://streaming.exclusive.radio/er/nirvana/icecast.audio,grunge|rock|alternative rock
236,Exclusively Norah Jones,https://streaming.exclusive.radio/er/norahjones/icecast.audio,jazz|female vocalists|blues
237,Exclusively Oasis,https://streaming.exclusive.radio/er/oasis/icecast.audio,britpop|rock|british
238,Exclusively Olivia Newton John,https://streaming.exclusive.radio/er/onj/icecast.audio,pop|female vocalists|70s
239,Exclusively One Direction,https://streaming.exclusive.radio/er/onedirection/icecast.audio,pop|british|boyband
240,Exclusively Otis Redding,https://streaming.exclusive.radio/er/otisredding/icecast.audio,soul|rhythm and blues|blues
241,Exclusively Party,https://streaming.exclusive.radio/er/party/icecast.audio,rock|australia|good times
242,Exclusively Patsy Cline,https://streaming.exclusive.radio/er/patsycline/icecast.audio,country|female vocalists|classic country
243,Exclusively Patti Smith,https://streaming.exclusive.radio/er/pattismith/icecast.audio,punk|rock|female vocalists
244,Exclusively Paul McCartney,https://streaming.exclusive.radio/er/paulmccartney/icecast.audio,classic rock|rock|british
245,Exclusively Paul Weller,https://streaming.exclusive.radio/er/paulweller/icecast.audio,rock|singer-songwriter|british
246,Exclusively Perry Como,https://streaming.exclusive.radio/er/perrycomo/icecast.audio,jazz|oldies|50s
247,Exclusively Pet Shop Boys,https://streaming.exclusive.radio/er/petshopboys/icecast.audio,synthpop|electronic|pop
248,Exclusively Pete Seeger,https://streaming.exclusive.radio/er/peteseeger/icecast.audio,folk|singer-songwriter|political
249,Exclusively Peter Frampton,https://streaming.exclusive.radio/er/peterframpton/icecast.audio,classic rock|rock|70s
250,Exclusively Peter Green's Fleetwood Mac,https://streaming.exclusive.radio/er/pgfleetwood/icecast.audio,classic rock|rock|70s
251,Exclusively Phil Collins,https://streaming.exclusive.radio/er/philcollins/icecast.audio,pop|80s|rock
252,Exclusively Pink,https://streaming.exclusive.radio/er/pink/icecast.audio,pop|pop rock|female vocalists
253,Exclusively Pink Floyd,https://streaming.exclusive.radio/er/pinkfloyd/icecast.audio,progressive rock|psychedelic rock|classic rock
254,Exclusively Post Malone,https://streaming.exclusive.radio/er/postmalone/icecast.audio,hip-hop|rap|trap
255,Exclusively Pretenders,https://streaming.exclusive.radio/er/pretenders/icecast.audio,rock|new wave|80s
256,Exclusively Prince,https://streaming.exclusive.radio/er/prince/icecast.audio,funk|pop|soul
257,Exclusively Pussycat Dolls,https://streaming.exclusive.radio/er/pussycatdolls/icecast.audio,pop|rnb|dance
258,Exclusively Queen,https://streaming.exclusive.radio/er/queen/icecast.audio,classic rock|rock|hard rock
259,Exclusively R.E.M.,https://streaming.exclusive.radio/er/rem/icecast.audio,rock|alternative rock|alternative
260,Exclusively Ramones,https://streaming.exclusive.radio/er/ramones/icecast.audio,punk|punk rock|70s
261,Exclusively Randy Travis,https://streaming.exclusive.radio/er/randytravis/icecast.audio,country|randy travis|classic country
262,Exclusively Ray Charles,https://streaming.exclusive.radio/er/raycharles/icecast.audio,jazz|soul|blues
263,Exclusively Reba McEntire,https://streaming.exclusive.radio/er/rebamcentire/icecast.audio,country|female vocalists|reba mcentire
264,Exclusively Red Hot Chili Peppers,https://streaming.exclusive.radio/er/chilipeppers/icecast.audio,rock|alternative rock|funk rock
265,Exclusively Rihanna,https://streaming.exclusive.radio/er/rihanna/icecast.audio,pop|rnb|female vocalists
266,Exclusively Rita Ora,https://streaming.exclusive.radio/er/ritaora/icecast.audio,pop|dance|female vocalists
267,Exclusively Robert Cray,https://streaming.exclusive.radio/er/robertcray/icecast.audio,blues|blues rock|soul
268,Exclusively Robert Palmer,https://streaming.exclusive.radio/er/robertpalmer/icecast.audio,rock|80s|classic rock
269,Exclusively Rock N Roll Party,https://streaming.exclusive.radio/er/rocknrollparty/icecast.audio,
270,Exclusively Rod Stewart,https://streaming.exclusive.radio/er/rodstewart/icecast.audio,classic rock|rock|soft rock
271,Exclusively Rolling Stones,https://streaming.exclusive.radio/er/rollingstones/icecast.audio,classic rock|rock|british
272,Exclusively Rory Gallagher,https://streaming.exclusive.radio/er/rorygallagher/icecast.audio,blues rock|blues|classic rock
273,Exclusively Roxette,https://streaming.exclusive.radio/er/roxette/icecast.audio,pop|80s|rock
274,Exclusively Roy Orbison,https://streaming.exclusive.radio/er/royorbison/icecast.audio,classic rock|rockabilly|60s
275,Exclusively Run-DMC,https://streaming.exclusive.radio/er/rundmc/icecast.audio,hip-hop|rap|old school
276,Exclusively Rush,https://streaming.exclusive.radio/er/rush/icecast.audio,progressive rock|classic rock|hard rock
277,Exclusively Sade,https://streaming.exclusive.radio/er/sade/icecast.audio,soul|jazz|female vocalists
278,Exclusively Sam Cooke,https://streaming.exclusive.radio/er/samcooke/icecast.audio,soul|rhythm and blues|gospel
279,Exclusively Sam Smith,https://streaming.exclusive.radio/er/samsmith/icecast.audio,soul|pop|british
280,Exclusively Santana,https://streaming.exclusive.radio/er/santana/icecast.audio,rock|classic rock|latin
281,Exclusively Savage Garden,https://streaming.exclusive.radio/er/savagegarden/icecast.audio,pop|90s|australian
282,Exclusively Scorpions,https://streaming.exclusive.radio/er/scorpions/icecast.audio,hard rock|classic rock|heavy metal
283,Exclusively Shakira,https://streaming.exclusive.radio/er/shakira/icecast.audio,pop|latin|female vocalists
284,Exclusively Shania Twain,https://streaming.exclusive.radio/er/shaniatwain/icecast.audio,country|pop|female vocalists
285,Exclusively Shawn Mendes,https://streaming.exclusive.radio/er/shawnmendes/icecast.audio,pop|canadian|folk
286,Exclusively Sheryl Crow,https://streaming.exclusive.radio/er/sherylcrow/icecast.audio,female vocalists|rock|pop
287,Exclusively Sia,https://streaming.exclusive.radio/er/sia/icecast.audio,female vocalists|indie|chillout
288,Exclusively Simon & Garfunkel (Incl PSimon),https://streaming.exclusive.radio/er/simongarfunkle/icecast.audio,
289,Exclusively Simple Minds,https://streaming.exclusive.radio/er/simpleminds/icecast.audio,new wave|80s|rock
290,Exclusively Small Faces,https://streaming.exclusive.radio/er/smallfaces/icecast.audio,60s|mod|classic rock
291,Exclusively Smokey Robinson,https://streaming.exclusive.radio/er/smokeyrobinson/icecast.audio,soul|motown|rhythm and blues
292,Exclusively Snow Patrol,https://streaming.exclusive.radio/er/snowpatrol/icecast.audio,indie|alternative|rock
293,Exclusively Spandau Ballet,https://streaming.exclusive.radio/er/spandauballet/icecast.audio,new wave|80s|pop
294,Exclusively Steeleye Span,https://streaming.exclusive.radio/er/steeleyespan/icecast.audio,folk|folk rock|british folk
295,Exclusively Steely Dan,https://streaming.exclusive.radio/er/steelydan/icecast.audio,jazz rock|classic rock|rock
296,Exclusively Steve Winwood,https://streaming.exclusive.radio/er/stevewinwood/icecast.audio,classic rock|rock|80s
297,Exclusively Stevie Ray Vaughan,https://streaming.exclusive.radio/er/stevierayvaughan/icecast.audio,blues|blues rock|classic rock
298,Exclusively Stevie Wonder,https://streaming.exclusive.radio/er/steviewonder/icecast.audio,soul|funk|motown
299,Exclusively Sting,https://streaming.exclusive.radio/er/sting/icecast.audio,rock|pop|classic rock
300,Exclusively Stone Temple Pilots,https://streaming.exclusive.radio/er/stonetemplepilots/icecast.audio,grunge|alternative rock|rock
301,Exclusively Supertramp,https://streaming.exclusive.radio/er/supertramp/icecast.audio,progressive rock|classic rock|rock
302,Exclusively Suzanne Vega,https://streaming.exclusive.radio/er/suzannevega/icecast.audio,female vocalists|singer-songwriter|folk
303,Exclusively Take That,https://streaming.exclusive.radio/er/takethat/icecast.audio,pop|british|britpop
304,Exclusively Talking Heads,https://streaming.exclusive.radio/er/talkingheads/icecast.audio,new wave|post-punk|80s
305,Exclusively Tammy Wynette,https://streaming.exclusive.radio/er/tammywynette/icecast.audio,country|classic country|female vocalists
306,Exclusively Taylor Swift,https://streaming.exclusive.radio/er/taylorswift/icecast.audio,country|pop|female vocalists
307,Exclusively Tears For Fears,https://streaming.exclusive.radio/er/tearsforfears/icecast.audio,new wave|80s|synth pop
308,Exclusively Texas,https://streaming.exclusive.radio/er/texas/icecast.audio,pop|rock|female vocalists
309,Exclusively The 1975,https://streaming.exclusive.radio/er/the1975/icecast.audio,indie|indie rock|british
310,Exclusively The Allman Brothers Band,https://streaming.exclusive.radio/er/allmanbrothers/icecast.audio,southern rock|blues rock|classic rock
311,Exclusively The B-52's,https://streaming.exclusive.radio/er/theb52s/icecast.audio,new wave|80s|pop
312,Exclusively The Band,https://streaming.exclusive.radio/er/theband/icecast.audio,classic rock|folk rock|rock
313,Exclusively The Beatles,https://streaming.exclusive.radio/er/beatles/icecast.audio,classic rock|rock|british
314,Exclusively The Bee Gees,https://streaming.exclusive.radio/er/beegees/icecast.audio,disco|pop|70s
315,Exclusively the Black Crowes,https://streaming.exclusive.radio/er/theblackcrowes/icecast.audio,southern rock|blues rock|rock
316,Exclusively The Byrds,https://streaming.exclusive.radio/er/thebyrds/icecast.audio,classic rock|60s|psychedelic
317,Exclusively The Cars,https://streaming.exclusive.radio/er/thecars/icecast.audio,new wave|80s|rock
318,Exclusively The Clash,https://streaming.exclusive.radio/er/theclash/icecast.audio,punk|punk rock|british
319,Exclusively The Cure,https://streaming.exclusive.radio/er/thecure/icecast.audio,post-punk|new wave|alternative
320,Exclusively The Doors,https://streaming.exclusive.radio/er/doors/icecast.audio,classic rock|psychedelic rock|rock
321,Exclusively The Drifters,https://streaming.exclusive.radio/er/drifters/icecast.audio,soul|oldies|60s
322,Exclusively The Dubliners,https://streaming.exclusive.radio/er/thedubliners/icecast.audio,folk|irish|irish folk
323,Exclusively The Everly Brothers,https://streaming.exclusive.radio/er/everlybrothers/icecast.audio,oldies|60s|rock n roll
324,Exclusively The Human League,https://streaming.exclusive.radio/er/humanleague/icecast.audio,new wave|synthpop|80s
325,Exclusively The Killers,https://streaming.exclusive.radio/er/thekillers/icecast.audio,indie|indie rock|rock
326,Exclusively The Kinks,https://streaming.exclusive.radio/er/thekinks/icecast.audio,classic rock|60s|rock
327,Exclusively The Mavericks,https://streaming.exclusive.radio/er/themavericks/icecast.audio,country|rockabilly|alt-country
328,Exclusively The Monkees,https://streaming.exclusive.radio/er/themonkees/icecast.audio,60s|classic rock|pop
329,Exclusively The Moody Blues,https://streaming.exclusive.radio/er/moodyblues/icecast.audio,progressive rock|classic rock|rock
330,Exclusively The Police,https://streaming.exclusive.radio/er/police/icecast.audio,rock|new wave|classic rock
331,Exclusively The Steve Miller Band,https://streaming.exclusive.radio/er/stevemillerband/icecast.audio,classic rock|rock|70s
332,Exclusively The Temptations,https://streaming.exclusive.radio/er/thetemptations/icecast.audio,soul|motown|funk
333,Exclusively The Velvet Underground,https://streaming.exclusive.radio/er/velvetunderground/icecast.audio,psychedelic|rock|classic rock
334,Exclusively The Weeknd,https://streaming.exclusive.radio/er/theweeknd/icecast.audio,rnb|electronic|dubstep
335,Exclusively The Who,https://streaming.exclusive.radio/er/thewho/icecast.audio,classic rock|rock|british
336,Exclusively The Yardbirds,https://streaming.exclusive.radio/er/theyardbirds/icecast.audio,classic rock|blues rock|60s
337,Exclusively Thin Lizzy,https://streaming.exclusive.radio/er/thinlizzy/icecast.audio,hard rock|classic rock|rock
338,Exclusively Tim McGraw,https://streaming.exclusive.radio/er/timmcgraw/icecast.audio,country|tim mcgraw|modern country
339,Exclusively Tina Turner,https://streaming.exclusive.radio/er/tinaturner/icecast.audio,pop|soul|rock
340,Exclusively Toby Keith,https://streaming.exclusive.radio/er/tobykeith/icecast.audio,country|toby keith|male country
341,Exclusively Tom Jones,https://streaming.exclusive.radio/er/tomjones/icecast.audio,pop|oldies|classic rock
342,Exclusively Tom Petty,https://streaming.exclusive.radio/er/tompetty/icecast.audio,classic rock|rock|singer-songwriter
343,Exclusively Tom Waits,https://streaming.exclusive.radio/er/tomwaits/icecast.audio,blues|singer-songwriter|experimental
344,Exclusively Tony Bennett,https://streaming.exclusive.radio/er/tonybennett/icecast.audio,jazz|swing|oldies
345,Exclusively Toots & The Maytals,https://streaming.exclusive.radio/er/tootsandthemaytals/icecast.audio,reggae|ska|rocksteady
346,Exclusively Toto,https://streaming.exclusive.radio/er/toto/icecast.audio,rock|classic rock|80s
347,Exclusively Travis Scott,https://streaming.exclusive.radio/er/travisscott/icecast.audio,hip-hop|trap|rap
348,Exclusively T-Rex,https://streaming.exclusive.radio/er/trex/icecast.audio,glam rock|classic rock|rock
349,Exclusively Twenty One Pilots,https://streaming.exclusive.radio/er/twentyonepilots/icecast.audio,electronic|alternative|rap
350,Exclusively U2,https://streaming.exclusive.radio/er/u2/icecast.audio,rock|classic rock|irish
351,Exclusively UB40,https://streaming.exclusive.radio/er/ub40/icecast.audio,reggae|80s|ska
352,Exclusively Van Halen,https://streaming.exclusive.radio/er/vanhalen/icecast.audio,hard rock|classic rock|rock
353,Exclusively Van Morrison,https://streaming.exclusive.radio/er/vanmorrison/icecast.audio,singer-songwriter|classic rock|folk
354,Exclusively Waylon Jennings,https://streaming.exclusive.radio/er/waylonjennings/icecast.audio,country|outlaw country|classic country
355,Exclusively Wham,https://streaming.exclusive.radio/er/wham/icecast.audio,pop|80s|new wave
356,Exclusively Whitesnake,https://streaming.exclusive.radio/er/whitesnake/icecast.audio,hard rock|classic rock|80s
357,Exclusively Whitney Houston,https://streaming.exclusive.radio/er/whitneyhouston/icecast.audio,pop|soul|female vocalists
358,Exclusively Willie Nelson,https://streaming.exclusive.radio/er/willienelson/icecast.audio,country|folk|singer-songwriter
359,Exclusively Yes,https://streaming.exclusive.radio/er/yes/icecast.audio,progressive rock|classic rock|rock
360,Exclusively ZZ Top,https://streaming.exclusive.radio/er/zztop/icecast.audio,blues rock|classic rock|hard rock
